omega_m,lane,quantum_model,amplitude,stable,refinement_l2,max_correction_ratio,turning_points,blowup_near_turning,final_a,passes_refinement_gate,passes_ratio_gate
0.295,alpha_qg,n/a,3e-07,True,6.930588009190191e-08,0.04165174354857803,0,False,0.775994062870156,True,True
0.295,bohmian_q,off,3e-07,True,6.971004562499365e-08,0.0,0,False,0.7689385640694077,True,True
0.295,bohmian_q,gaussian,3e-07,True,6.971037276435196e-08,0.08252878296567617,0,False,0.768932224599993,True,True
0.295,bohmian_q,plateau,3e-07,True,6.971042531722064e-08,0.0727492363657763,0,False,0.7689312712258223,True,True
0.295,bohmian_q,unified_dmde_proxy,3e-07,True,6.97104098534873e-08,0.07537479687744195,0,False,0.7689315538846019,True,True
0.295,alpha_qg,n/a,3.5646923109036204e-07,True,6.922987763261124e-08,0.132252820427546,0,False,0.7773287732806056,True,True
0.295,bohmian_q,off,3.5646923109036204e-07,True,6.971004562499365e-08,0.0,0,False,0.7689385640694077,True,True
0.295,bohmian_q,gaussian,3.5646923109036204e-07,True,6.971043414000602e-08,0.08320244639292437,0,False,0.7689310313126707,True,True
0.295,bohmian_q,plateau,3.5646923109036204e-07,True,6.971049649525244e-08,0.07326584664609168,0,False,0.7689298984827636,True,True
0.295,bohmian_q,unified_dmde_proxy,3.5646923109036204e-07,True,6.971047816154608e-08,0.07593151639226797,0,False,0.7689302343470522,True,True
0.295,alpha_qg,n/a,4.2356770904717955e-07,True,6.913981952662463e-08,0.5844476514528119,0,False,0.7789124818677967,True,True
0.295,bohmian_q,off,4.2356770904717955e-07,True,6.971004562499365e-08,0.0,0,False,0.7689385640694077,True,True
0.295,bohmian_q,gaussian,4.2356770904717955e-07,True,6.971050785221783e-08,0.08377797748300886,0,False,0.7689296134102651,True,True
0.295,bohmian_q,plateau,4.2356770904717955e-07,True,6.971058146932164e-08,0.07370634334747692,0,False,0.7689282673449438,True,True
0.295,bohmian_q,unified_dmde_proxy,4.2356770904717955e-07,True,6.971055945443652e-08,0.07640646108081532,0,False,0.7689286664298529,True,True
0.295,alpha_qg,n/a,5.032961851958474e-07,True,6.903316057440642e-08,2.187320035675448,0,False,0.7807911522134937,True,False
0.295,bohmian_q,off,5.032961851958474e-07,True,6.971004562499365e-08,0.0,0,False,0.7689385640694077,True,True
0.295,bohmian_q,gaussian,5.032961851958474e-07,True,6.9710594866242e-08,0.08426854709977914,0,False,0.7689279286126189,True,True
0.295,bohmian_q,plateau,5.032961851958474e-07,True,6.971068160640029e-08,0.07408118991232408,0,False,0.7689263291735486,True,True
0.295,bohmian_q,unified_dmde_proxy,5.032961851958474e-07,True,6.971065596089077e-08,0.07681080114355948,0,False,0.7689268033793835,True,True
0.295,alpha_qg,n/a,5.980320138249203e-07,True,6.8906918600108e-08,0.5696677646375103,0,False,0.783019036749772,True,True
0.295,bohmian_q,off,5.980320138249203e-07,True,6.971004562499365e-08,0.0,0,False,0.7689385640694077,True,True
0.295,bohmian_q,gaussian,5.980320138249203e-07,True,6.971069820876021e-08,0.08468588260980472,0,False,0.7689259266808353,True,True
0.295,bohmian_q,plateau,5.980320138249203e-07,True,6.971080164474184e-08,0.07439962953695739,0,False,0.7689240261742033,True,True
0.295,bohmian_q,unified_dmde_proxy,5.980320138249203e-07,True,6.971077084627809e-08,0.07715442538236907,0,False,0.768924589641355,True,True
0.295,alpha_qg,n/a,7.106000404519682e-07,True,6.87576045353667e-08,0.12398177632938794,0,False,0.7856600941005322,True,True
0.295,bohmian_q,off,7.106000404519682e-07,True,6.971004562499365e-08,0.0,0,False,0.7689385640694077,True,True
0.295,bohmian_q,gaussian,7.106000404519682e-07,True,6.971082085438716e-08,0.08504032836617534,0,False,0.7689235479190646,True,True
0.295,bohmian_q,plateau,7.106000404519682e-07,True,6.97109443060313e-08,0.07466976049425733,0,False,0.7689212896731321,True,True
0.295,bohmian_q,unified_dmde_proxy,7.106000404519682e-07,True,6.97109075617832e-08,0.07744601330806677,0,False,0.7689219592038652,True,True
0.295,alpha_qg,n/a,8.443568334423105e-07,True,6.858115251333625e-08,0.8457688072501407,0,False,0.788789618625349,True,True
0.295,bohmian_q,off,8.443568334423105e-07,True,6.971004562499365e-08,0.0,0,False,0.7689385640694077,True,True
0.295,bohmian_q,gaussian,8.443568334423105e-07,True,6.971096686030826e-08,0.08534093918748134,0,False,0.7689207213944717,True,True
0.295,bohmian_q,plateau,8.443568334423105e-07,True,6.971111280123138e-08,0.07489863228658972,0,False,0.768918038069297,True,True
0.295,bohmian_q,unified_dmde_proxy,8.443568334423105e-07,True,6.971106960759528e-08,0.0776931309822309,0,False,0.7689188336287659,True,True
0.295,alpha_qg,n/a,1.0032907706102438e-06,True,6.837283894050594e-08,0.1712330881887763,0,False,0.7924961023154647,True,True
0.295,bohmian_q,off,1.0032907706102438e-06,True,6.971004562499365e-08,0.0,0,False,0.7689385640694077,True,True
0.295,bohmian_q,gaussian,1.0032907706102438e-06,True,6.971113990970132e-08,0.08559558835239847,0,False,0.7689173628214131,True,True
0.295,bohmian_q,plateau,1.0032907706102438e-06,True,6.971131409623222e-08,0.07509234815376084,0,False,0.7689141744008986,True,True
0.295,bohmian_q,unified_dmde_proxy,1.0032907706102438e-06,True,6.971126251156705e-08,0.07790233678677938,0,False,0.7689151197125736,True,True
0.295,alpha_qg,n/a,1.1921409651983008e-06,True,6.812720058473012e-08,0.1478325535175718,0,False,0.7968833464723696,True,True
0.295,bohmian_q,off,1.1921409651983008e-06,True,6.971004562499365e-08,0.0,0,False,0.7689385640694077,True,True
0.295,bohmian_q,gaussian,1.1921409651983008e-06,True,6.971134599883016e-08,0.08581108722635519,0,False,0.7689133720481532,True,True
0.295,bohmian_q,plateau,1.1921409651983008e-06,True,6.971155318641578e-08,0.07525616713869696,0,False,0.7689095834532403,True,True
0.295,bohmian_q,unified_dmde_proxy,1.1921409651983008e-06,True,6.971149142992787e-08,0.07807928774312414,0,False,0.7689107067064982,True,True
0.295,alpha_qg,n/a,1.4165385773852007e-06,True,6.783795122428148e-08,0.28835250882496594,0,False,0.8020728356292901,True,True
0.295,bohmian_q,off,1.4165385773852007e-06,True,6.971004562499365e-08,0.0,0,False,0.7689385640694077,True,True
0.295,bohmian_q,gaussian,1.4165385773852007e-06,True,6.971159064128756e-08,0.08599330134606002,0,False,0.7689086300696107,True,True
0.295,bohmian_q,plateau,1.4165385773852007e-06,True,6.971183635000559e-08,0.07539460426805587,0,False,0.7689041283225773,True,True
0.295,bohmian_q,unified_dmde_proxy,1.4165385773852007e-06,True,6.971176360341122e-08,0.07822884465713849,0,False,0.7689054630135205,True,True
0.295,alpha_qg,n/a,1.6831747249677917e-06,True,6.749790244666223e-08,0.4531045015107615,0,False,0.8082063783223451,True,True
0.295,bohmian_q,off,1.6831747249677917e-06,True,6.971004562499365e-08,0.0,0,False,0.7689385640694077,True,True
0.295,bohmian_q,gaussian,1.6831747249677917e-06,True,6.971188173095779e-08,0.08614726353920665,0,False,0.768902995478044,True,True
0.295,bohmian_q,plateau,1.6831747249677917e-06,True,6.97121736747901e-08,0.07551152358626918,0,False,0.7688976463326792,True,True
0.295,bohmian_q,unified_dmde_proxy,1.6831747249677917e-06,True,6.971208696179572e-08,0.07835517021118511,0,False,0.7688992322631931,True,True
0.295,alpha_qg,n/a,2e-06,True,6.709889418979055e-08,0.35850856712387924,0,False,0.8154490079502396,True,True
0.295,bohmian_q,off,2e-06,True,6.971004562499365e-08,0.0,0,False,0.7689385640694077,True,True
0.295,bohmian_q,gaussian,2e-06,True,6.97122273828513e-08,0.08627727879557127,0,False,0.7688963002451955,True,True
0.295,bohmian_q,plateau,2e-06,True,6.971257438562545e-08,0.07561022308920276,0,False,0.7688899441822704,True,True
0.295,bohmian_q,unified_dmde_proxy,2e-06,True,6.971247108101526e-08,0.07846181937870708,0,False,0.7688918286473254,True,True
0.2975,alpha_qg,n/a,3e-07,True,7.492626668430076e-08,0.2667328215902923,0,False,0.673546763614683,True,True
0.2975,bohmian_q,off,3e-07,True,7.541493432830976e-08,0.0,0,False,0.6657094544589731,True,True
0.2975,bohmian_q,gaussian,3e-07,True,7.541533255166164e-08,0.10413468455055928,0,False,0.6657024299836563,True,True
0.2975,bohmian_q,plateau,3e-07,True,7.541539545233912e-08,0.08089878702686686,0,False,0.665701368908898,True,True
0.2975,bohmian_q,unified_dmde_proxy,3e-07,True,7.54153766677964e-08,0.08661464540042839,0,False,0.665701685369935,True,True
0.2975,alpha_qg,n/a,3.5646923109036204e-07,True,7.483449969681519e-08,0.5086086812133385,0,False,0.6750271864942242,True,True
0.2975,bohmian_q,off,3.5646923109036204e-07,True,7.541493432830976e-08,0.0,0,False,0.6657094544589731,True,True
0.2975,bohmian_q,gaussian,3.5646923109036204e-07,True,7.54154079740205e-08,0.09033410389849543,0,False,0.6657011077555043,True,True
0.2975,bohmian_q,plateau,3.5646923109036204e-07,True,7.541548253405248e-08,0.07240727916326499,0,False,0.6656998469518882,True,True
0.2975,bohmian_q,unified_dmde_proxy,3.5646923109036204e-07,True,7.541546010177976e-08,0.07692197021687192,0,False,0.6657002229812216,True,True
0.2975,alpha_qg,n/a,4.2356770904717955e-07,True,7.472580720344293e-08,0.11266567089980034,0,False,0.6767831746818131,True,True
0.2975,bohmian_q,off,4.2356770904717955e-07,True,7.541493432830976e-08,0.0,0,False,0.6657094544589731,True,True
0.2975,bohmian_q,gaussian,4.2356770904717955e-07,True,7.541549576622348e-08,0.08126988509222587,0,False,0.665699536640993,True,True
0.2975,bohmian_q,plateau,4.2356770904717955e-07,True,7.541558611543569e-08,0.06653021768437667,0,False,0.6656980385125632,True,True
0.2975,bohmian_q,unified_dmde_proxy,4.2356770904717955e-07,True,7.541555908229867e-08,0.07030112857493401,0,False,0.6656984853230561,True,True
0.2975,alpha_qg,n/a,5.032961851958474e-07,True,7.459714557965794e-08,0.17448736477370472,0,False,0.6788653494005056,True,True
0.2975,bohmian_q,off,5.032961851958474e-07,True,7.541493432830976e-08,0.0,0,False,0.6657094544589731,True,True
0.2975,bohmian_q,gaussian,5.032961851958474e-07,True,7.541560289602732e-08,0.07494140843594536,0,False,0.6656976697909734,True,True
0.2975,bohmian_q,plateau,5.032961851958474e-07,True,7.54157086682486e-08,0.06227620913668015,0,False,0.6656958896648352,True,True
0.2975,bohmian_q,unified_dmde_proxy,5.032961851958474e-07,True,7.541567742973068e-08,0.06555268130236418,0,False,0.6656964205800034,True,True
0.2975,alpha_qg,n/a,5.980320138249203e-07,True,7.444495097594001e-08,1.0199008658546564,0,False,0.6813333634921585,True,False
0.2975,bohmian_q,off,5.980320138249203e-07,True,7.541493432830976e-08,0.0,0,False,0.6657094544589731,True,True
0.2975,bohmian_q,gaussian,5.980320138249203e-07,True,7.541572890647383e-08,0.07033224229114354,0,False,0.6656954515376764,True,True
0.2975,bohmian_q,plateau,5.980320138249203e-07,True,7.54158552111778e-08,0.05909614193433678,0,False,0.6656933363315298,True,True
0.2975,bohmian_q,unified_dmde_proxy,5.980320138249203e-07,True,7.541581794182974e-08,0.06202680798639291,0,False,0.6656939671829968,True,True
0.2975,alpha_qg,n/a,7.106000404519682e-07,True,7.426506810171406e-08,0.23377890576636792,0,False,0.6842574081413766,True,True
0.2975,bohmian_q,off,7.106000404519682e-07,True,7.541493432830976e-08,0.0,0,False,0.6657094544589731,True,True
0.2975,bohmian_q,gaussian,7.106000404519682e-07,True,7.541587926619603e-08,0.0668709663698311,0,False,0.6656928157341475,True,True
0.2975,bohmian_q,plateau,7.106000404519682e-07,True,7.541602824041307e-08,0.05666115457758253,0,False,0.665690302373415,True,True
0.2975,bohmian_q,unified_dmde_proxy,7.106000404519682e-07,True,7.541598382402565e-08,0.0593406827845071,0,False,0.6656910519729768,True,True
0.2975,alpha_qg,n/a,8.443568334423105e-07,True,7.40526657421983e-08,0.35211106323130664,0,False,0.6877199308223345,True,True
0.2975,bohmian_q,off,8.443568334423105e-07,True,7.541493432830976e-08,0.0,0,False,0.6657094544589731,True,True
0.2975,bohmian_q,gaussian,8.443568334423105e-07,True,7.54160565620283e-08,0.06421151378294722,0,False,0.6656896837819203,True,True
0.2975,bohmian_q,plateau,8.443568334423105e-07,True,7.541623376289872e-08,0.05476219907861132,0,False,0.6656866973184293,True,True
0.2975,bohmian_q,unified_dmde_proxy,8.443568334423105e-07,True,7.541618158607943e-08,0.057254032446249194,0,False,0.6656875880190994,True,True
0.2975,alpha_qg,n/a,1.0032907706102438e-06,True,7.380215194310066e-08,0.5677240720768669,0,False,0.6918175788875003,True,True
0.2975,bohmian_q,off,1.0032907706102438e-06,True,7.541493432830976e-08,0.0,0,False,0.6657094544589731,True,True
0.2975,bohmian_q,gaussian,1.0032907706102438e-06,True,7.541626752452234e-08,0.06213197613363561,0,False,0.6656859622866189,True,True
0.2975,bohmian_q,plateau,1.0032907706102438e-06,True,7.541647931011791e-08,0.05326000605896467,0,False,0.6656824136633461,True,True
0.2975,bohmian_q,unified_dmde_proxy,1.0032907706102438e-06,True,7.54164166645684e-08,0.05560839843635282,0,False,0.6656834720261773,True,True
0.2975,alpha_qg,n/a,1.1921409651983008e-06,True,7.35070851962392e-08,0.26955563934790616,0,False,0.6966633781442961,True,True
0.2975,bohmian_q,off,1.1921409651983008e-06,True,7.541493432830976e-08,0.0,0,False,0.6657094544589731,True,True
0.2975,bohmian_q,gaussian,1.1921409651983008e-06,True,7.541651907483378e-08,0.0604834845766261,0,False,0.6656815402726177,True,True
0.2975,bohmian_q,plateau,1.1921409651983008e-06,True,7.541677021977627e-08,0.05205821882653629,0,False,0.6656773236675182,True,True
0.2975,bohmian_q,unified_dmde_proxy,1.1921409651983008e-06,True,7.541669587731554e-08,0.05429504467398104,0,False,0.6656785812535849,True,True
0.2975,alpha_qg,n/a,1.4165385773852007e-06,True,7.31600882653905e-08,0.8100313713403573,0,False,0.7023891479932709,True,True
0.2975,bohmian_q,off,1.4165385773852007e-06,True,7.541493432830976e-08,0.0,0,False,0.6657094544589731,True,True
0.2975,bohmian_q,gaussian,1.4165385773852007e-06,True,7.541681728291519e-08,0.05916245522400713,0,False,0.6656762858730418,True,True
0.2975,bohmian_q,plateau,1.4165385773852007e-06,True,7.541690884573146e-08,0.05108807307301864,0,False,0.6656712755424093,True,True
0.2975,bohmian_q,unified_dmde_proxy,1.4165385773852007e-06,True,7.541688470031925e-08,0.05323689680141975,0,False,0.6656727698544912,True,True
0.2975,alpha_qg,n/a,1.6831747249677917e-06,True,7.275277352407709e-08,0.4433521496798531,0,False,0.7091481437191196,True,True
0.2975,bohmian_q,off,1.6831747249677917e-06,True,7.541493432830976e-08,0.0,0,False,0.6657094544589731,True,True
0.2975,bohmian_q,gaussian,1.6831747249677917e-06,True,7.541705624876861e-08,0.058094619489828116,0,False,0.6656700423964144,True,True
0.2975,bohmian_q,plateau,1.6831747249677917e-06,True,7.541752780093605e-08,0.050299218946936626,0,False,0.6656640889239667,True,True
0.2975,bohmian_q,unified_dmde_proxy,1.6831747249677917e-06,True,7.54174217052796e-08,0.05237783738750982,0,False,0.6656658645252019,True,True
0.2975,alpha_qg,n/a,2e-06,True,7.227568269826662e-08,0.7400226153397128,0,False,0.7171179019931426,True,True
0.2975,bohmian_q,off,2e-06,True,7.541493432830976e-08,0.0,0,False,0.6657094544589731,True,True
0.2975,bohmian_q,gaussian,2e-06,True,7.541759249651921e-08,0.057225384407965124,0,False,0.6656626236525943,True,True
0.2975,bohmian_q,plateau,2e-06,True,7.541801529276736e-08,0.04965398924147139,0,False,0.6656555494921367,True,True
0.2975,bohmian_q,unified_dmde_proxy,2e-06,True,7.541788902535196e-08,0.05167608238421389,0,False,0.6656576593354048,True,True
0.3,alpha_qg,n/a,3e-07,True,8.188366249374188e-08,0.0020093770931011385,1,False,0.5583758965366711,True,True
0.3,bohmian_q,off,3e-07,True,8.249748378916841e-08,0.0,1,False,0.5493950712028609,True,True
0.3,bohmian_q,gaussian,3e-07,True,8.249799367845917e-08,3.725385414260636e-06,1,False,0.5493870395139386,True,True
0.3,bohmian_q,plateau,3e-07,True,8.249807349400849e-08,3.7927895086867785e-06,1,False,0.5493858200745086,True,True
0.3,bohmian_q,unified_dmde_proxy,3e-07,True,8.249804785664862e-08,3.7725684346548837e-06,1,False,0.5493861859065331,True,True
0.3,alpha_qg,n/a,3.5646923109036204e-07,True,8.176866448340854e-08,0.0023876036911611655,1,False,0.5600686118908671,True,True
0.3,bohmian_q,off,3.5646923109036204e-07,True,8.249748378916841e-08,0.0,1,False,0.5493950712028609,True,True
0.3,bohmian_q,gaussian,3.5646923109036204e-07,True,8.249808748768266e-08,4.426515235697939e-06,1,False,0.5493855276940599,True,True
0.3,bohmian_q,plateau,3.5646923109036204e-07,True,8.249818358393234e-08,4.506590001529554e-06,1,False,0.5493840787155396,True,True
0.3,bohmian_q,unified_dmde_proxy,3.5646923109036204e-07,True,8.249815248666552e-08,4.482567789542812e-06,1,False,0.5493845134093776,True,True
0.3,alpha_qg,n/a,4.2356770904717955e-07,True,8.163256164750376e-08,0.0028370241731224344,0,False,0.5620752117936427,True,True
0.3,bohmian_q,off,4.2356770904717955e-07,True,8.249748378916841e-08,0.0,1,False,0.5493950712028609,True,True
0.3,bohmian_q,gaussian,4.2356770904717955e-07,True,8.249820203394579e-08,5.2595771158549905e-06,1,False,0.5493837312994283,True,True
0.3,bohmian_q,plateau,4.2356770904717955e-07,True,8.249831596069922e-08,5.354700624161107e-06,1,False,0.5493820095742824,True,True
0.3,bohmian_q,unified_dmde_proxy,4.2356770904717955e-07,True,8.249827950864628e-08,5.326163878986561e-06,1,False,0.5493825260922859,True,True
0.3,alpha_qg,n/a,5.032961851958474e-07,True,8.147159340055027e-08,0.0033710394185924135,0,False,0.5644528828418057,True,True
0.3,bohmian_q,off,5.032961851958474e-07,True,8.249748378916841e-08,0.0,1,False,0.5493950712028609,True,True
0.3,bohmian_q,gaussian,5.032961851958474e-07,True,8.249833678086136e-08,6.2493873724822135e-06,1,False,0.549381596762886,True,True
0.3,bohmian_q,plateau,5.032961851958474e-07,True,8.249847420402542e-08,6.362382464012817e-06,1,False,0.5493795509501187,True,True
0.3,bohmian_q,unified_dmde_proxy,5.032961851958474e-07,True,8.249843114577305e-08,6.3284843702008725e-06,1,False,0.5493801646945016,True,True
0.3,alpha_qg,n/a,5.980320138249203e-07,True,8.128138225234326e-08,0.004005572765069794,0,False,0.5672688306458039,True,True
0.3,bohmian_q,off,5.980320138249203e-07,True,8.249748378916841e-08,0.0,1,False,0.5493950712028609,True,True
0.3,bohmian_q,gaussian,5.980320138249203e-07,True,8.24984943301014e-08,7.4254263728044116e-06,1,False,0.5493790604335798,True,True
0.3,bohmian_q,plateau,5.980320138249203e-07,True,8.24986568682987e-08,7.559643201913885e-06,1,False,0.5493766295273482,True,True
0.3,bohmian_q,unified_dmde_proxy,5.980320138249203e-07,True,8.249860809563658e-08,7.519378765040075e-06,1,False,0.5493773588000397,True,True
0.3,alpha_qg,n/a,7.106000404519682e-07,True,8.105684165499909e-08,0.004759544812136424,0,False,0.5706018816322495,True,True
0.3,bohmian_q,off,7.106000404519682e-07,True,8.249748378916841e-08,0.0,1,False,0.5493950712028609,True,True
0.3,bohmian_q,gaussian,7.106000404519682e-07,True,8.249868403022225e-08,8.822713510413775e-06,1,False,0.5493760466786652,True,True
0.3,bohmian_q,plateau,7.106000404519682e-07,True,8.249887761901221e-08,8.982127142989277e-06,1,False,0.5493731581890545,True,True
0.3,bohmian_q,unified_dmde_proxy,7.106000404519682e-07,True,8.249881808993501e-08,8.934303916417428e-06,1,False,0.5493740247371454,True,True
0.3,alpha_qg,n/a,8.443568334423105e-07,True,8.079208421130456e-08,0.0056554375984079735,0,False,0.5745442836103184,True,True
0.3,bohmian_q,off,8.443568334423105e-07,True,8.249748378916841e-08,0.0,1,False,0.5493950712028609,True,True
0.3,bohmian_q,gaussian,8.443568334423105e-07,True,8.249891234208289e-08,1.0482845670050885e-05,1,False,0.5493724656277568,True,True
0.3,bohmian_q,plateau,8.443568334423105e-07,True,8.249913829771656e-08,1.0672171370439604e-05,1,False,0.5493690334185979,True,True
0.3,bohmian_q,unified_dmde_proxy,8.443568334423105e-07,True,8.249907107276222e-08,1.0615374877910778e-05,1,False,0.5493700630829768,True,True
0.3,alpha_qg,n/a,1.0032907706102438e-06,True,8.048033730479625e-08,0.006719964973946709,0,False,0.5792037087429429,True,True
0.3,bohmian_q,off,1.0032907706102438e-06,True,8.249748378916841e-08,0.0,1,False,0.5493950712028609,True,True
0.3,bohmian_q,gaussian,1.0032907706102438e-06,True,8.24991816217902e-08,1.2455229456434676e-05,1,False,0.5493682104922382,True,True
0.3,bohmian_q,plateau,1.0032907706102438e-06,True,8.249944795704808e-08,1.2680059374062282e-05,1,False,0.5493641322117871,True,True
0.3,bohmian_q,unified_dmde_proxy,1.0032907706102438e-06,True,8.249937008445957e-08,1.2612612106677445e-05,1,False,0.5493653556982362,True,True
0.3,alpha_qg,n/a,1.1921409651983008e-06,True,8.011384314066546e-08,0.007984869157389824,0,False,0.5847054541467983,True,True
0.3,bohmian_q,off,1.1921409651983008e-06,True,8.249748378916841e-08,0.0,1,False,0.5493950712028609,True,True
0.3,bohmian_q,gaussian,1.1921409651983008e-06,True,8.249949889117064e-08,1.479854387701784e-05,1,False,0.5493631543802086,True,True
0.3,bohmian_q,plateau,1.1921409651983008e-06,True,8.249981712000494e-08,1.506550564553062e-05,1,False,0.5493583084080665,True,True
0.3,bohmian_q,unified_dmde_proxy,1.1921409651983008e-06,True,8.249972156965583e-08,1.4985419534263075e-05,1,False,0.5493597622029793,True,True
0.3,alpha_qg,n/a,1.4165385773852007e-06,True,7.968379433659908e-08,0.009487867229639657,0,False,0.591194824044169,True,True
0.3,bohmian_q,off,1.4165385773852007e-06,True,8.249748378916841e-08,0.0,1,False,0.5493950712028609,True,True
0.3,bohmian_q,gaussian,1.4165385773852007e-06,True,8.249987769799217e-08,1.7582471696498598e-05,1,False,0.5493571465111347,True,True
0.3,bohmian_q,plateau,1.4165385773852007e-06,True,8.250025815012112e-08,1.789941841757603e-05,1,False,0.5493513883301965,True,True
0.3,bohmian_q,unified_dmde_proxy,1.4165385773852007e-06,True,8.250014221775024e-08,1.7804337811623307e-05,1,False,0.5493531157891117,True,True
0.3,alpha_qg,n/a,1.6831747249677917e-06,True,7.91802552681951e-08,1.6309071107051187,0,False,0.598839663150833,True,False
0.3,bohmian_q,off,1.6831747249677917e-06,True,8.249748378916841e-08,0.0,1,False,0.5493950712028609,True,True
0.3,bohmian_q,gaussian,1.6831747249677917e-06,True,8.250032504189496e-08,2.0889756269735298e-05,1,False,0.5493500077182365,True,True
0.3,bohmian_q,plateau,1.6831747249677917e-06,True,8.250077786064493e-08,2.1265987464345827e-05,1,False,0.5493431656031048,True,True
0.3,bohmian_q,unified_dmde_proxy,1.6831747249677917e-06,True,8.250064194208448e-08,2.115312291197163e-05,1,False,0.5493452182441779,True,True
0.3,alpha_qg,n/a,2e-06,True,7.859214596924233e-08,1.231798098344553,0,False,0.6078329942176849,True,False
0.3,bohmian_q,off,2e-06,True,8.249748378916841e-08,0.0,1,False,0.5493950712028609,True,True
0.3,bohmian_q,gaussian,2e-06,True,8.250086153609988e-08,2.481863620647497e-05,1,False,0.5493415251028545,True,True
0.3,bohmian_q,plateau,2e-06,True,8.250139820619152e-08,2.5265156986347203e-05,1,False,0.5493333949959929,True,True
0.3,bohmian_q,unified_dmde_proxy,2e-06,True,8.250123655078557e-08,2.513120752275078e-05,1,False,0.5493358340372557,True,True
0.3025,alpha_qg,n/a,3e-07,True,9.102069160424446e-08,0.0019926934573231483,1,False,0.423312632884789,True,True
0.3025,bohmian_q,off,3e-07,True,9.186526070432943e-08,0.0,1,False,0.41239252243491015,True,True
0.3025,bohmian_q,gaussian,3e-07,True,9.18659709076454e-08,1.7702859753685367e-06,1,False,0.4123827661186841,True,True
0.3025,bohmian_q,plateau,3e-07,True,9.186607907565003e-08,1.819883591556884e-06,1,False,0.4123812757636456,True,True
0.3025,bohmian_q,unified_dmde_proxy,3e-07,True,9.186604131224488e-08,1.8049177327323612e-06,1,False,0.41238172547217233,True,True
0.3025,alpha_qg,n/a,3.5646923109036204e-07,True,9.08635654656507e-08,0.002367779681769259,1,False,0.42536238272033344,True,True
0.3025,bohmian_q,off,3.5646923109036204e-07,True,9.186526070432943e-08,0.0,1,False,0.41239252243491015,True,True
0.3025,bohmian_q,gaussian,3.5646923109036204e-07,True,9.186610016338211e-08,2.103499942463774e-06,1,False,0.41238092966276657,True,True
0.3025,bohmian_q,plateau,3.5646923109036204e-07,True,9.186623808515957e-08,2.16243200291219e-06,1,False,0.4123791587712468,True,True
0.3025,bohmian_q,unified_dmde_proxy,3.5646923109036204e-07,True,9.186619456231303e-08,2.1446495184964384e-06,1,False,0.4123796931306143,True,True
0.3025,alpha_qg,n/a,4.2356770904717955e-07,True,9.067800820905037e-08,0.0028134686751722315,1,False,0.42778919212945893,True,True
0.3025,bohmian_q,off,4.2356770904717955e-07,True,9.186526070432943e-08,0.0,1,False,0.41239252243491015,True,True
0.3025,bohmian_q,gaussian,4.2356770904717955e-07,True,9.186625344412637e-08,2.49943160206964e-06,1,False,0.41237874752232795,True,True
0.3025,bohmian_q,plateau,4.2356770904717955e-07,True,9.186642416427344e-08,2.569454579058701e-06,1,False,0.41237664328637474,True,True
0.3025,bohmian_q,unified_dmde_proxy,4.2356770904717955e-07,True,9.186637098963586e-08,2.548325462123081e-06,1,False,0.41237727823119,True,True
0.3025,alpha_qg,n/a,5.032961851958474e-07,True,9.045913735028081e-08,0.0033430500511182158,1,False,0.4306605818559098,True,True
0.3025,bohmian_q,off,5.032961851958474e-07,True,9.186526070432943e-08,0.0,1,False,0.41239252243491015,True,True
0.3025,bohmian_q,gaussian,5.032961851958474e-07,True,9.186645188497481e-08,2.9698849413703186e-06,1,False,0.4123761546259661,True,True
0.3025,bohmian_q,plateau,5.032961851958474e-07,True,9.186664051564376e-08,3.0530856997671577e-06,1,False,0.4123736542967038,True,True
0.3025,bohmian_q,unified_dmde_proxy,5.032961851958474e-07,True,9.186658462802928e-08,3.0279802492388746e-06,1,False,0.4123744087612409,True,True
0.3025,alpha_qg,n/a,5.980320138249203e-07,True,9.020127924172626e-08,0.003972314937395684,1,False,0.4340554600155697,True,True
0.3025,bohmian_q,off,5.980320138249203e-07,True,9.186526070432943e-08,0.0,1,False,0.41239252243491015,True,True
0.3025,bohmian_q,gaussian,5.980320138249203e-07,True,9.186667046647824e-08,3.528885239446599e-06,1,False,0.41237307365284814,True,True
0.3025,bohmian_q,plateau,5.980320138249203e-07,True,9.186689867475113e-08,3.6277431322219262e-06,1,False,0.4123701026684204,True,True
0.3025,bohmian_q,unified_dmde_proxy,5.980320138249203e-07,True,9.18668287976388e-08,3.5979132159880505e-06,1,False,0.41237099915156555,True,True
0.3025,alpha_qg,n/a,7.106000404519682e-07,True,8.989793261344075e-08,0.004720026837940671,1,False,0.4380657832065329,True,True
0.3025,bohmian_q,off,7.106000404519682e-07,True,9.186526070432943e-08,0.0,1,False,0.41239252243491015,True,True
0.3025,bohmian_q,gaussian,7.106000404519682e-07,True,9.186694399632252e-08,4.193096943188824e-06,1,False,0.4123694127259666,True,True
0.3025,bohmian_q,plateau,7.106000404519682e-07,True,9.186719923793016e-08,4.310557556303061e-06,1,False,0.41236588248804906,True,True
0.3025,bohmian_q,unified_dmde_proxy,7.106000404519682e-07,True,9.186711975446901e-08,4.275114359230724e-06,1,False,0.41236694772413773,True,True
0.3025,alpha_qg,n/a,8.443568334423105e-07,True,8.954167253385871e-08,0.005608481125488611,1,False,0.44279836861705313,True,True
0.3025,bohmian_q,off,8.443568334423105e-07,True,9.186526070432943e-08,0.0,1,False,0.41239252243491015,True,True
0.3025,bohmian_q,gaussian,8.443568334423105e-07,True,9.1867256610969e-08,4.9823201016692455e-06,1,False,0.4123650626722236,True,True
0.3025,bohmian_q,plateau,8.443568334423105e-07,True,9.186756622021018e-08,5.12188282505615e-06,1,False,0.41236086790259385,True,True
0.3025,bohmian_q,unified_dmde_proxy,8.443568334423105e-07,True,9.1867477742467e-08,5.079770425138649e-06,1,False,0.4123621336591375,True,True
0.3025,alpha_qg,n/a,1.0032907706102438e-06,True,8.912406189099787e-08,0.006664169847959108,1,False,0.4483768395952709,True,True
0.3025,bohmian_q,off,1.0032907706102438e-06,True,9.186526070432943e-08,0.0,1,False,0.41239252243491015,True,True
0.3025,bohmian_q,gaussian,1.0032907706102438e-06,True,9.186762570275104e-08,5.920080105452662e-06,1,False,0.4123598937651685,True,True
0.3025,bohmian_q,plateau,1.0032907706102438e-06,True,9.186800522596354e-08,6.085902109992118e-06,1,False,0.41235490936522884,True,True
0.3025,bohmian_q,unified_dmde_proxy,1.0032907706102438e-06,True,9.186789242072197e-08,6.035866104185622e-06,1,False,0.41235641339059903,True,True
0.3025,alpha_qg,n/a,1.1921409651983008e-06,True,8.863559436283668e-08,0.007918571671858525,1,False,0.4549436752929811,True,True
0.3025,bohmian_q,off,1.1921409651983008e-06,True,9.186526070432943e-08,0.0,1,False,0.41239252243491015,True,True
0.3025,bohmian_q,gaussian,1.1921409651983008e-06,True,9.186807461994659e-08,7.034328236383595e-06,1,False,0.41235375185523154,True,True
0.3025,bohmian_q,plateau,1.1921409651983008e-06,True,9.186853157971535e-08,7.231347913034601e-06,1,False,0.41234782917345664,True,True
0.3025,bohmian_q,unified_dmde_proxy,1.1921409651983008e-06,True,9.186837769500108e-08,7.171898170649287e-06,1,False,0.4123496163231534,True,True
0.3025,alpha_qg,n/a,1.4165385773852007e-06,True,8.806565727358642e-08,0.009409090517337767,1,False,0.46266232172944755,True,True
0.3025,bohmian_q,off,1.4165385773852007e-06,True,9.186526070432943e-08,0.0,1,False,0.41239252243491015,True,True
0.3025,bohmian_q,gaussian,1.4165385773852007e-06,True,9.186861078332919e-08,8.358273804833493e-06,1,False,0.4123464537704627,True,True
0.3025,bohmian_q,plateau,1.4165385773852007e-06,True,9.186913964721837e-08,8.592357284245404e-06,1,False,0.4123394161668562,True,True
0.3025,bohmian_q,unified_dmde_proxy,1.4165385773852007e-06,True,9.18689770743678e-08,8.52172373615147e-06,1,False,0.41234153974187965,True,True
0.3025,alpha_qg,n/a,1.6831747249677917e-06,True,8.740249742064669e-08,0.011180170873250028,1,False,0.47171930818176844,True,True
0.3025,bohmian_q,off,1.6831747249677917e-06,True,9.186526070432943e-08,0.0,1,False,0.41239252243491015,True,True
0.3025,bohmian_q,gaussian,1.6831747249677917e-06,True,9.18692387851161e-08,9.931372528967e-06,1,False,0.4123377818509006,True,True
0.3025,bohmian_q,plateau,1.6831747249677917e-06,True,9.186986998874332e-08,1.0209487562416186e-05,1,False,0.41232941942547385,True,True
0.3025,bohmian_q,unified_dmde_proxy,1.6831747249677917e-06,True,9.186968016106704e-08,1.0125567734445275e-05,1,False,0.4123319427632751,True,True
0.3025,alpha_qg,n/a,2e-06,True,8.663325972378025e-08,0.013284623048820986,1,False,0.4823263011471763,True,True
0.3025,bohmian_q,off,2e-06,True,9.186526070432943e-08,0.0,1,False,0.41239252243491015,True,True
0.3025,bohmian_q,gaussian,2e-06,True,9.186998561767715e-08,1.1800500404309209e-05,1,False,0.41232747745296117,True,True
0.3025,bohmian_q,plateau,2e-06,True,9.18707398942504e-08,1.2130922666443227e-05,1,False,0.41231754078059246,True,True
0.3025,bohmian_q,unified_dmde_proxy,2e-06,True,9.187051160841571e-08,1.2031219430142961e-05,1,False,0.41232053914571404,True,True
0.305,alpha_qg,n/a,3e-07,True,1.0628599788202324e-07,0.001976284584980237,1,False,0.24880529932759668,True,True
0.305,bohmian_q,off,3e-07,True,1.0827942535491573e-07,0.0,1,False,0.233141874620118,True,True
0.305,bohmian_q,gaussian,3e-07,True,1.0828125333811898e-07,1.3752858966620633e-06,1,False,0.2331277840011308,True,True
0.305,bohmian_q,plateau,3e-07,True,1.0828150993672524e-07,1.4234697538342841e-06,1,False,0.23312561486659503,True,True
0.305,bohmian_q,unified_dmde_proxy,3e-07,True,1.0828143248345899e-07,1.4088467911278465e-06,1,False,0.233126273162585,True,True
0.305,alpha_qg,n/a,3.5646923109036204e-07,True,1.0593746641993736e-07,0.0023482821547454675,1,False,0.2517047502276431,True,True
0.305,bohmian_q,off,3.5646923109036204e-07,True,1.0827942535491573e-07,0.0,1,False,0.233141874620118,True,True
0.305,bohmian_q,gaussian,3.5646923109036204e-07,True,1.0828158358183122e-07,1.6341536959616772e-06,1,False,0.23312513165408819,True,True
0.305,bohmian_q,plateau,3.5646923109036204e-07,True,1.082819219514391e-07,1.6914067120867862e-06,1,False,0.23312255420175795,True,True
0.305,bohmian_q,unified_dmde_proxy,3.5646923109036204e-07,True,1.0828182935125495e-07,1.6740314171148006e-06,1,False,0.23312333641558172,True,True
0.305,alpha_qg,n/a,4.2356770904717955e-07,True,1.0553378624040906e-07,0.002790301113617783,1,False,0.2551225222961447,True,True
0.305,bohmian_q,off,4.2356770904717955e-07,True,1.0827942535491573e-07,0.0,1,False,0.233141874620118,True,True
0.305,bohmian_q,gaussian,4.2356770904717955e-07,True,1.0828199033141524e-07,1.941747011249806e-06,1,False,0.23312198002941914,True,True
0.305,bohmian_q,plateau,4.2356770904717955e-07,True,1.082824000503193e-07,2.0097760646208605e-06,1,False,0.2331189173930862,True,True
0.305,bohmian_q,unified_dmde_proxy,4.2356770904717955e-07,True,1.0828226436934228e-07,1.9891304293602294e-06,1,False,0.23311984685262602,True,True
0.305,alpha_qg,n/a,5.032961851958474e-07,True,1.0506794566937314e-07,0.0033155216416063727,1,False,0.2591459906346276,True,True
0.305,bohmian_q,off,5.032961851958474e-07,True,1.0827942535491573e-07,0.0,1,False,0.233141874620118,True,True
0.305,bohmian_q,gaussian,5.032961851958474e-07,True,1.0828247504507543e-07,2.3072369199521077e-06,1,False,0.23311823513754532,True,True
0.305,bohmian_q,plateau,5.032961851958474e-07,True,1.0828293727345348e-07,2.388070086716235e-06,1,False,0.23311459597935158,True,True
0.305,bohmian_q,unified_dmde_proxy,5.032961851958474e-07,True,1.0828280669410854e-07,2.363538625112369e-06,1,False,0.2331157004043077,True,True
0.305,alpha_qg,n/a,5.980320138249203e-07,True,1.0453248812498467e-07,0.00393960483415626,1,False,0.2638754360711977,True,True
0.305,bohmian_q,off,5.980320138249203e-07,True,1.0827942535491573e-07,0.0,1,False,0.233141874620118,True,True
0.305,bohmian_q,gaussian,5.980320138249203e-07,True,1.0828304588019357e-07,2.741520546172925e-06,1,False,0.23311378529344037,True,True
0.305,bohmian_q,plateau,5.980320138249203e-07,True,1.0828364164474123e-07,2.8375675229275463e-06,1,False,0.23310946107766045,True,True
0.305,bohmian_q,unified_dmde_proxy,5.980320138249203e-07,True,1.0828345277673549e-07,2.8084189336579447e-06,1,False,0.2331107734073048,True,True
0.305,alpha_qg,n/a,7.106000404519682e-07,True,1.0391963225499112e-07,0.004681159686771858,1,False,0.26942537716853987,True,True
0.305,bohmian_q,off,7.106000404519682e-07,True,1.0827942535491573e-07,0.0,1,False,0.233141874620118,True,True
0.305,bohmian_q,gaussian,7.106000404519682e-07,True,1.0828374237999132e-07,3.257545860117688e-06,1,False,0.23310849778332265,True,True
0.305,bohmian_q,plateau,7.106000404519682e-07,True,1.082844089190531e-07,3.371669744778563e-06,1,False,0.23310335953812691,True,True
0.305,bohmian_q,unified_dmde_proxy,7.106000404519682e-07,True,1.0828420772811352e-07,3.3370351269643522e-06,1,False,0.23310491891368446,True,True
0.305,alpha_qg,n/a,8.443568334423105e-07,True,1.0322128116071415e-07,0.0055622979805158785,1,False,0.2759258811307682,True,True
0.305,bohmian_q,off,8.443568334423105e-07,True,1.0827942535491573e-07,0.0,1,False,0.233141874620118,True,True
0.305,bohmian_q,gaussian,8.443568334423105e-07,True,1.0828456731706612e-07,3.870697575360487e-06,1,False,0.23310221490445054,True,True
0.305,bohmian_q,plateau,8.443568334423105e-07,True,1.08285381732837e-07,4.006300138044347e-06,1,False,0.23309610937184366,True,True
0.305,bohmian_q,unified_dmde_proxy,8.443568334423105e-07,True,1.0828512546099666e-07,3.96514711296103e-06,1,False,0.23309796230552338,True,True
0.305,alpha_qg,n/a,1.0032907706102438e-06,True,1.0242904987082914e-07,0.006609293614033226,1,False,0.28352381389741477,True,True
0.305,bohmian_q,off,1.0032907706102438e-06,True,1.0827942535491573e-07,0.0,1,False,0.233141874620118,True,True
0.305,bohmian_q,gaussian,1.0032907706102438e-06,True,1.0828555607850701e-07,4.599255628222443e-06,1,False,0.23309474925808363,True,True
0.305,bohmian_q,plateau,1.0032907706102438e-06,True,1.0828646458504559e-07,4.760378602593443e-06,1,False,0.2330874943188696,True,True
0.305,bohmian_q,unified_dmde_proxy,1.0032907706102438e-06,True,1.0828620165915427e-07,4.711480573421394e-06,1,False,0.23308969608186056,True,True
0.305,alpha_qg,n/a,1.1921409651983008e-06,True,1.0153437949472791e-07,0.007853366042149543,1,False,0.2923839909277686,True,True
0.305,bohmian_q,off,1.1921409651983008e-06,True,1.0827942535491573e-07,0.0,1,False,0.233141874620118,True,True
0.305,bohmian_q,gaussian,1.1921409651983008e-06,True,1.0828669765573373e-07,5.46493987853862e-06,1,False,0.23308587815476908,True,True
0.305,bohmian_q,plateau,1.1921409651983008e-06,True,1.0828781791434823e-07,5.656385276749314e-06,1,False,0.23307725739040058,True,True
0.305,bohmian_q,unified_dmde_proxy,1.1921409651983008e-06,True,1.0828746499575757e-07,5.598284914960352e-06,1,False,0.23307987366377236,True,True
0.305,alpha_qg,n/a,1.4165385773852007e-06,True,1.0052843997417528e-07,0.009331611181720689,1,False,0.3026901972501974,True,True
0.305,bohmian_q,off,1.4165385773852007e-06,True,1.0827942535491573e-07,0.0,1,False,0.233141874620118,True,True
0.305,bohmian_q,gaussian,1.4165385773852007e-06,True,1.0828804118109486e-07,6.49355722899317e-06,1,False,0.23307533696482577,True,True
0.305,bohmian_q,plateau,1.4165385773852007e-06,True,1.0828939209969096e-07,6.721030243526407e-06,1,False,0.2330650931933003,True,True
0.305,bohmian_q,unified_dmde_proxy,1.4165385773852007e-06,True,1.0828896564766834e-07,6.65199612048682e-06,1,False,0.23306820203001852,True,True
0.305,alpha_qg,n/a,1.6831747249677917e-06,True,9.940194006730923e-08,0.011088107542607323,1,False,0.31464605904041343,True,True
0.305,bohmian_q,off,1.6831747249677917e-06,True,1.0827942535491573e-07,0.0,1,False,0.233141874620118,True,True
0.305,bohmian_q,gaussian,1.6831747249677917e-06,True,1.0828967180472974e-07,7.71577039569357e-06,1,False,0.23306281121462302,True,True
0.305,bohmian_q,plateau,1.6831747249677917e-06,True,1.0829128692450096e-07,7.986049114925998e-06,1,False,0.2330506388066392,True,True
0.305,bohmian_q,unified_dmde_proxy,1.6831747249677917e-06,True,1.0829079240290526e-07,7.904024195926195e-06,1,False,0.23305433296339895,True,True
0.305,alpha_qg,n/a,2e-06,True,9.814508271254114e-08,0.01317523056653491,1,False,0.3284757688740952,True,True
0.305,bohmian_q,off,2e-06,True,1.0827942535491573e-07,0.0,1,False,0.233141874620118,True,True
0.305,bohmian_q,gaussian,2e-06,True,1.0829162121712808e-07,9.16801116403462e-06,1,False,0.23304792719050882,True,True
0.305,bohmian_q,plateau,2e-06,True,1.0829350844516945e-07,9.489148113779208e-06,1,False,0.2330334629346935,True,True
0.305,bohmian_q,unified_dmde_proxy,2e-06,True,1.0829292277598562e-07,9.391688593332226e-06,1,False,0.23303785264501178,True,True
0.3075,alpha_qg,n/a,3e-07,True,0.0006981295749280782,3.887098080295273,2,False,0.11857830906453995,False,False
0.3075,bohmian_q,off,3e-07,False,2.813902052921024e-05,0.0,2,False,1e-06,False,True
0.3075,bohmian_q,gaussian,3e-07,False,2.0953583802842238e-05,1.1806408497230771e-06,2,False,1e-06,False,True
0.3075,bohmian_q,plateau,3e-07,False,1.9806509224943547e-05,1.2290460533467394e-06,2,False,1e-06,False,True
0.3075,bohmian_q,unified_dmde_proxy,3e-07,False,2.0157379575116096e-05,1.2142722541881858e-06,2,False,1e-06,False,True
0.3075,alpha_qg,n/a,3.5646923109036204e-07,True,0.00043459332426431456,3.8025903912166106,2,False,0.11582938408849634,False,False
0.3075,bohmian_q,off,3.5646923109036204e-07,False,2.813902052921024e-05,0.0,2,False,1e-06,False,True
0.3075,bohmian_q,gaussian,3.5646923109036204e-07,False,1.956517367683615e-05,1.4028719273598353e-06,2,False,1e-06,False,True
0.3075,bohmian_q,plateau,3.5646923109036204e-07,False,1.819138517025652e-05,1.4603881955214202e-06,2,False,1e-06,False,True
0.3075,bohmian_q,unified_dmde_proxy,3.5646923109036204e-07,False,1.8611663158262975e-05,1.4428335989525191e-06,2,False,1e-06,False,True
0.3075,alpha_qg,n/a,4.2356770904717955e-07,True,0.00023216910161609727,3.7552924261030505,2,False,0.11198640110121344,False,False
0.3075,bohmian_q,off,4.2356770904717955e-07,False,2.813902052921024e-05,0.0,2,False,1e-06,False,True
0.3075,bohmian_q,gaussian,4.2356770904717955e-07,False,1.790229462756845e-05,1.666932966242834e-06,2,False,1e-06,False,True
0.3075,bohmian_q,plateau,4.2356770904717955e-07,False,1.6256857608923294e-05,1.7352751645703776e-06,2,False,1e-06,False,True
0.3075,bohmian_q,unified_dmde_proxy,4.2356770904717955e-07,False,1.6760149579673343e-05,1.7144163744508968e-06,2,False,1e-06,False,True
0.3075,alpha_qg,n/a,5.032961851958474e-07,True,0.00012360067605552539,3.874178299883139,2,False,0.10666389159227158,False,False
0.3075,bohmian_q,off,5.032961851958474e-07,False,2.813902052921024e-05,0.0,2,False,1e-06,False,True
0.3075,bohmian_q,gaussian,5.032961851958474e-07,False,1.591075919863311e-05,1.9806973368253765e-06,2,False,1e-06,False,True
0.3075,bohmian_q,plateau,5.032961851958474e-07,False,1.3943730310383247e-05,2.0619030732077074e-06,2,False,1e-06,False,True
0.3075,bohmian_q,unified_dmde_proxy,5.032961851958474e-07,False,1.454467710941153e-05,2.037118188759538e-06,2,False,1e-06,False,True
0.3075,alpha_qg,n/a,5.980320138249203e-07,True,6.336091443503554e-05,3.833215066128632,2,False,0.09970938281412163,False,False
0.3075,bohmian_q,off,5.980320138249203e-07,False,2.813902052921024e-05,0.0,2,False,1e-06,False,True
0.3075,bohmian_q,gaussian,5.980320138249203e-07,False,1.3531012425805684e-05,2.353520290249603e-06,2,False,1e-06,False,True
0.3075,bohmian_q,plateau,5.980320138249203e-07,False,1.1199426241235308e-05,2.4500106450011297e-06,2,False,1e-06,False,True
0.3075,bohmian_q,unified_dmde_proxy,5.980320138249203e-07,False,1.1908396281240814e-05,2.4205607252262445e-06,2,False,1e-06,False,True
0.3075,alpha_qg,n/a,7.106000404519682e-07,True,3.047762164455048e-05,3.7619320825632383,2,False,0.09071848719019893,False,False
0.3075,bohmian_q,off,7.106000404519682e-07,False,2.813902052921024e-05,0.0,2,False,1e-06,False,True
0.3075,bohmian_q,gaussian,7.106000404519682e-07,False,1.0715021654781118e-05,2.796517840388709e-06,2,False,1e-06,False,True
0.3075,bohmian_q,plateau,7.106000404519682e-07,False,8.048531604227992e-06,2.9111695195215858e-06,2,False,1e-06,False,True
0.3075,bohmian_q,unified_dmde_proxy,7.106000404519682e-07,False,8.841826856372333e-06,2.876176561133434e-06,2,False,1e-06,False,True
0.3075,alpha_qg,n/a,8.443568334423105e-07,True,1.4119505008698352e-05,3.8359432096977772,2,False,0.07896366836582898,False,False
0.3075,bohmian_q,off,8.443568334423105e-07,False,2.813902052921024e-05,0.0,2,False,1e-06,False,True
0.3075,bohmian_q,gaussian,8.443568334423105e-07,False,7.520694665405093e-06,3.322898118035935e-06,2,False,1e-06,False,True
0.3075,bohmian_q,plateau,8.443568334423105e-07,False,5.082926202655387e-06,3.459129176450449e-06,2,False,1e-06,False,True
0.3075,bohmian_q,unified_dmde_proxy,8.443568334423105e-07,False,5.680755760290786e-06,3.4175499500752847e-06,2,False,1e-06,False,True
0.3075,alpha_qg,n/a,1.0032907706102438e-06,True,7.0806846507452685e-06,3.8457829950536357,2,False,0.06310218672279633,False,False
0.3075,bohmian_q,off,1.0032907706102438e-06,False,2.813902052921024e-05,0.0,2,False,1e-06,False,True
0.3075,bohmian_q,gaussian,1.0032907706102438e-06,False,4.793345347306963e-06,3.948355065037685e-06,2,False,1e-06,False,True
0.3075,bohmian_q,plateau,1.0032907706102438e-06,True,5.106990495443244e-06,4.110226749152933e-06,2,False,1e-06,False,True
0.3075,bohmian_q,unified_dmde_proxy,1.0032907706102438e-06,True,4.863826724239178e-06,4.060821715642509e-06,2,False,1e-06,False,True
0.3075,alpha_qg,n/a,1.1921409651983008e-06,True,4.9841423290578955e-06,3.838387414391864,2,False,0.040029431634901344,False,False
0.3075,bohmian_q,off,1.1921409651983008e-06,False,2.813902052921024e-05,0.0,2,False,1e-06,False,True
0.3075,bohmian_q,gaussian,1.1921409651983008e-06,True,5.29508280985513e-06,4.691536189854061e-06,2,False,1e-06,False,True
0.3075,bohmian_q,plateau,1.1921409651983008e-06,True,6.617649636171244e-06,4.883873927138354e-06,2,False,1e-06,False,True
0.3075,bohmian_q,unified_dmde_proxy,1.1921409651983008e-06,True,6.174475821057864e-06,4.825170309955725e-06,2,False,1e-06,False,True
0.3075,alpha_qg,n/a,1.4165385773852007e-06,True,4.7652639268152454e-07,1.3768995565360205,1,False,0.01884407183014456,True,False
0.3075,bohmian_q,off,1.4165385773852007e-06,False,2.813902052921024e-05,0.0,2,False,1e-06,False,True
0.3075,bohmian_q,gaussian,1.4165385773852007e-06,True,6.938212876258282e-06,5.574598307096734e-06,2,False,1e-06,False,True
0.3075,bohmian_q,plateau,1.4165385773852007e-06,True,8.948990664528246e-06,5.803135437060436e-06,2,False,1e-06,False,True
0.3075,bohmian_q,unified_dmde_proxy,1.4165385773852007e-06,True,8.305243561774703e-06,5.733383353603729e-06,2,False,1e-06,False,True
0.3075,alpha_qg,n/a,1.6831747249677917e-06,True,2.3116273329247103e-07,0.055986391347878015,1,False,0.05805944995541536,True,True
0.3075,bohmian_q,off,1.6831747249677917e-06,False,2.813902052921024e-05,0.0,2,False,1e-06,False,True
0.3075,bohmian_q,gaussian,1.6831747249677917e-06,True,9.40383422668697e-06,6.623867796804023e-06,2,False,1e-06,False,True
0.3075,bohmian_q,plateau,1.6831747249677917e-06,True,1.2147165695549975e-05,6.895416310711801e-06,2,False,1e-06,False,True
0.3075,bohmian_q,unified_dmde_proxy,1.6831747249677917e-06,True,1.1282738941767243e-05,6.812536660113908e-06,2,False,1e-06,False,True
0.3075,alpha_qg,n/a,2e-06,True,1.6194651080290876e-07,0.017155177692676053,1,False,0.09129400427542092,True,True
0.3075,bohmian_q,off,2e-06,False,2.813902052921024e-05,0.0,2,False,1e-06,False,True
0.3075,bohmian_q,gaussian,2e-06,True,1.2753367134677541e-05,7.870625021224496e-06,2,False,1e-06,False,True
0.3075,bohmian_q,plateau,2e-06,True,1.6371963602121225e-05,8.19327837552034e-06,2,False,1e-06,False,True
0.3075,bohmian_q,unified_dmde_proxy,2e-06,True,1.5235455913893873e-05,8.094800936962482e-06,2,False,1e-06,False,True
0.31,alpha_qg,n/a,3e-07,True,0.00951293959996009,3.8690122719631157,2,False,0.25381222687439586,False,False
0.31,bohmian_q,off,3e-07,True,3.556999140672374e-05,0.0,2,False,1e-06,False,True
0.31,bohmian_q,gaussian,3e-07,True,4.042708478670122e-05,1.0589506895991493e-06,2,False,1e-06,False,True
0.31,bohmian_q,plateau,3e-07,True,4.123847889470638e-05,1.1080056031776615e-06,2,False,1e-06,False,True
0.31,bohmian_q,unified_dmde_proxy,3e-07,True,4.098794026844922e-05,1.0929491416222554e-06,2,False,1e-06,False,True
0.31,alpha_qg,n/a,3.5646923109036204e-07,True,0.007332541099170293,3.651102332812467,2,False,0.2570480973124739,False,False
0.31,bohmian_q,off,3.5646923109036204e-07,True,3.556999140672374e-05,0.0,2,False,1e-06,False,True
0.31,bohmian_q,gaussian,3.5646923109036204e-07,True,4.13999223111755e-05,1.2582765818265787e-06,2,False,1e-06,False,True
0.31,bohmian_q,plateau,3.5646923109036204e-07,True,4.238613824875146e-05,1.3165649610768647e-06,2,False,1e-06,False,True
0.31,bohmian_q,unified_dmde_proxy,3.5646923109036204e-07,True,4.2081215675582e-05,1.2986744642955443e-06,2,False,1e-06,False,True
0.31,alpha_qg,n/a,4.2356770904717955e-07,True,0.004750900472937421,3.796475083427892,2,False,0.2606919357594456,False,False
0.31,bohmian_q,off,4.2356770904717955e-07,True,3.556999140672374e-05,0.0,2,False,1e-06,False,True
0.31,bohmian_q,gaussian,4.2356770904717955e-07,True,4.258281912812142e-05,1.4951212411665588e-06,2,False,1e-06,False,True
0.31,bohmian_q,plateau,4.2356770904717955e-07,True,4.378764277481035e-05,1.564381034923974e-06,2,False,1e-06,False,True
0.31,bohmian_q,unified_dmde_proxy,4.2356770904717955e-07,True,4.341450828482423e-05,1.5431230725786435e-06,2,False,1e-06,False,True
0.31,alpha_qg,n/a,5.032961851958474e-07,True,0.0028042245679628587,3.8750109377414965,2,False,0.26275094781002956,False,False
0.31,bohmian_q,off,5.032961851958474e-07,True,3.556999140672374e-05,0.0,2,False,1e-06,False,True
0.31,bohmian_q,gaussian,5.032961851958474e-07,True,4.4028621343386274e-05,1.7765466484712454e-06,2,False,1e-06,False,True
0.31,bohmian_q,plateau,5.032961851958474e-07,True,4.55100513170843e-05,1.8588429107372527e-06,2,False,1e-06,False,True
0.31,bohmian_q,unified_dmde_proxy,5.032961851958474e-07,True,4.505027438889225e-05,1.8335836536694895e-06,2,False,1e-06,False,True
0.31,alpha_qg,n/a,5.980320138249203e-07,True,0.0016368178029537892,3.848870275456931,2,False,0.2629020396221384,False,False
0.31,bohmian_q,off,5.980320138249203e-07,True,3.556999140672374e-05,0.0,2,False,1e-06,False,True
0.31,bohmian_q,gaussian,5.980320138249203e-07,False,4.580746002400233e-05,2.110943982012027e-06,2,False,1e-06,False,True
0.31,bohmian_q,plateau,5.980320138249203e-07,False,4.764420849338259e-05,2.2087304307396395e-06,2,False,1e-06,False,True
0.31,bohmian_q,unified_dmde_proxy,5.980320138249203e-07,False,4.7072581770269735e-05,2.1787167566057105e-06,2,False,1e-06,False,True
0.31,alpha_qg,n/a,7.106000404519682e-07,True,0.000989146238381305,3.8785661434657333,2,False,0.2615670680084511,False,False
0.31,bohmian_q,off,7.106000404519682e-07,True,3.556999140672374e-05,0.0,2,False,1e-06,False,True
0.31,bohmian_q,gaussian,7.106000404519682e-07,False,4.8014738612777844e-05,2.508283778457395e-06,2,False,1e-06,False,True
0.31,bohmian_q,plateau,7.106000404519682e-07,False,5.031694606281135e-05,2.624475936457208e-06,2,False,1e-06,False,True
0.31,bohmian_q,unified_dmde_proxy,7.106000404519682e-07,False,4.9597851679117774e-05,2.5888129804197097e-06,2,False,1e-06,False,True
0.31,alpha_qg,n/a,8.443568334423105e-07,True,0.0005862822500428103,3.819871722530567,2,False,0.25917281066065084,False,False
0.31,bohmian_q,off,8.443568334423105e-07,True,3.556999140672374e-05,0.0,2,False,1e-06,False,True
0.31,bohmian_q,gaussian,8.443568334423105e-07,False,5.0784358772304644e-05,2.980413167479794e-06,2,False,1e-06,False,True
0.31,bohmian_q,plateau,8.443568334423105e-07,False,5.124306952160178e-05,3.118475263442466e-06,2,False,1e-06,False,True
0.31,bohmian_q,unified_dmde_proxy,8.443568334423105e-07,False,5.146639613961678e-05,3.0760997454109053e-06,2,False,1e-06,False,True
0.31,alpha_qg,n/a,1.0032907706102438e-06,True,0.00033932298406928323,3.828152896305926,2,False,0.25574892539364497,False,False
0.31,bohmian_q,off,1.0032907706102438e-06,True,3.556999140672374e-05,0.0,2,False,1e-06,False,True
0.31,bohmian_q,gaussian,1.0032907706102438e-06,False,5.109959994477611e-05,3.541409034780066e-06,2,False,1e-06,False,True
0.31,bohmian_q,plateau,1.0032907706102438e-06,False,5.02308386891411e-05,3.705457251506796e-06,2,False,1e-06,False,True
0.31,bohmian_q,unified_dmde_proxy,1.0032907706102438e-06,False,5.049805092802166e-05,3.65510578584901e-06,2,False,1e-06,False,True
0.31,alpha_qg,n/a,1.1921409651983008e-06,True,0.00019359885166435963,3.798428945927687,2,False,0.2512105139665424,False,False
0.31,bohmian_q,off,1.1921409651983008e-06,True,3.556999140672374e-05,0.0,2,False,1e-06,False,True
0.31,bohmian_q,gaussian,1.1921409651983008e-06,False,5.0059134403165975e-05,4.207997632627752e-06,2,False,1e-06,False,True
0.31,bohmian_q,plateau,1.1921409651983008e-06,False,4.901869191649829e-05,4.402922775298081e-06,2,False,1e-06,False,True
0.31,bohmian_q,unified_dmde_proxy,1.1921409651983008e-06,False,4.933883801587605e-05,4.343094219848008e-06,2,False,1e-06,False,True
0.31,alpha_qg,n/a,1.4165385773852007e-06,True,0.00010807727746019878,3.8498971722274242,2,False,0.24537997248032642,False,False
0.31,bohmian_q,off,1.4165385773852007e-06,True,3.556999140672374e-05,0.0,2,False,1e-06,False,True
0.31,bohmian_q,gaussian,1.4165385773852007e-06,False,4.88129147989838e-05,5.000053133588454e-06,2,False,1e-06,False,True
0.31,bohmian_q,plateau,1.4165385773852007e-06,True,4.756501296706523e-05,5.23166636756353e-06,2,False,1e-06,False,True
0.31,bohmian_q,unified_dmde_proxy,1.4165385773852007e-06,True,4.794917395352256e-05,5.1605770917424525e-06,2,False,1e-06,False,True
0.31,alpha_qg,n/a,1.6831747249677917e-06,True,5.881597560177562e-05,3.8451195370160147,2,False,0.23794854578945587,False,False
0.31,bohmian_q,off,1.6831747249677917e-06,True,3.556999140672374e-05,0.0,2,False,1e-06,False,True
0.31,bohmian_q,gaussian,1.6831747249677917e-06,True,4.7318008165993614e-05,5.94118997033157e-06,2,False,1e-06,False,True
0.31,bohmian_q,plateau,1.6831747249677917e-06,True,4.581872521755251e-05,6.2163959624829645e-06,2,False,1e-06,False,True
0.31,bohmian_q,unified_dmde_proxy,1.6831747249677917e-06,True,4.628051583816343e-05,6.131926704241573e-06,2,False,1e-06,False,True
0.31,alpha_qg,n/a,2e-06,True,3.104244258475552e-05,3.828465310736583,2,False,0.22844058765094055,False,False
0.31,bohmian_q,off,2e-06,True,3.556999140672374e-05,0.0,2,False,1e-06,False,True
0.31,bohmian_q,gaussian,2e-06,True,4.552169807720881e-05,7.059466591434282e-06,2,False,1e-06,False,True
0.31,bohmian_q,plateau,2e-06,True,4.371702189443151e-05,7.386469201322067e-06,2,False,1e-06,False,True
0.31,bohmian_q,unified_dmde_proxy,2e-06,True,4.4273183271711536e-05,7.286101933259451e-06,2,False,1e-06,False,True
0.3125,alpha_qg,n/a,3e-07,True,0.038148373878492514,3.7339836879732693,2,False,0.2757615819441322,False,False
0.3125,bohmian_q,off,3e-07,False,0.0004088043035927507,0.0,2,False,1e-06,False,True
0.3125,bohmian_q,gaussian,3e-07,False,3.0279707970075267e-05,9.733800545837634e-07,2,False,1e-06,False,True
0.3125,bohmian_q,plateau,3e-07,False,3.082171330919817e-05,1.0232094450547142e-06,2,False,1e-06,False,True
0.3125,bohmian_q,unified_dmde_proxy,3e-07,False,3.0653839877788417e-05,1.0078300005286348e-06,2,False,1e-06,False,True
0.3125,alpha_qg,n/a,3.5646923109036204e-07,True,0.018257852602716514,3.877901820060485,2,False,0.30599362790470513,False,False
0.3125,bohmian_q,off,3.5646923109036204e-07,False,0.0004088043035927507,0.0,2,False,1e-06,False,True
0.3125,bohmian_q,gaussian,3.5646923109036204e-07,False,3.092272336072721e-05,1.1565992694700561e-06,2,False,1e-06,False,True
0.3125,bohmian_q,plateau,3.5646923109036204e-07,False,3.157523145778858e-05,1.215807962429817e-06,2,False,1e-06,False,True
0.3125,bohmian_q,unified_dmde_proxy,3.5646923109036204e-07,False,3.137298712643006e-05,1.1975336702115278e-06,2,False,1e-06,False,True
0.3125,alpha_qg,n/a,4.2356770904717955e-07,True,0.011825126716202916,3.8341012490563644,2,False,0.31535228670885984,False,False
0.3125,bohmian_q,off,4.2356770904717955e-07,False,0.0004088043035927507,0.0,2,False,1e-06,False,True
0.3125,bohmian_q,gaussian,4.2356770904717955e-07,False,3.169698568028943e-05,1.374305623018484e-06,2,False,1e-06,False,True
0.3125,bohmian_q,plateau,4.2356770904717955e-07,False,3.24846548960285e-05,1.4446590415233549e-06,2,False,1e-06,False,True
0.3125,bohmian_q,unified_dmde_proxy,4.2356770904717955e-07,False,3.224030200084917e-05,1.4229450174406565e-06,2,False,1e-06,False,True
0.3125,alpha_qg,n/a,5.032961851958474e-07,True,0.007575699886591805,3.8640137082968757,2,False,0.32111653385815153,False,False
0.3125,bohmian_q,off,5.032961851958474e-07,False,0.0004088043035927507,0.0,2,False,1e-06,False,True
0.3125,bohmian_q,gaussian,5.032961851958474e-07,False,3.263185322758387e-05,1.6329905095650687e-06,2,False,1e-06,False,True
0.3125,bohmian_q,plateau,5.032961851958474e-07,False,3.3585862277144094e-05,1.7165863629051249e-06,2,False,1e-06,False,True
0.3125,bohmian_q,unified_dmde_proxy,5.032961851958474e-07,False,3.3289583401219653e-05,1.6907851650950175e-06,2,False,1e-06,False,True
0.3125,alpha_qg,n/a,5.980320138249203e-07,True,0.004771660608921719,3.882471636126798,2,False,0.3244452472024405,False,False
0.3125,bohmian_q,off,5.980320138249203e-07,False,0.0004088043035927507,0.0,2,False,1e-06,False,True
0.3125,bohmian_q,gaussian,5.980320138249203e-07,False,3.376448275861247e-05,1.9403671433264478e-06,2,False,1e-06,False,True
0.3125,bohmian_q,plateau,5.980320138249203e-07,True,3.4924774852065086e-05,2.0396979649904534e-06,2,False,1e-06,False,True
0.3125,bohmian_q,unified_dmde_proxy,5.980320138249203e-07,True,3.45639393992508e-05,2.0090402919710706e-06,2,False,1e-06,False,True
0.3125,alpha_qg,n/a,7.106000404519682e-07,True,0.002916060224400151,3.875756922858902,2,False,0.3260870998136873,False,False
0.3125,bohmian_q,off,7.106000404519682e-07,False,0.0004088043035927507,0.0,2,False,1e-06,False,True
0.3125,bohmian_q,gaussian,7.106000404519682e-07,True,3.514253251053399e-05,2.3056005176709895e-06,2,False,1e-06,False,True
0.3125,bohmian_q,plateau,7.106000404519682e-07,True,3.656112152008994e-05,2.423627971367358e-06,2,False,1e-06,False,True
0.3125,bohmian_q,unified_dmde_proxy,7.106000404519682e-07,True,3.611919481161575e-05,2.387199727957956e-06,2,False,1e-06,False,True
0.3125,alpha_qg,n/a,8.443568334423105e-07,True,0.0017662116686922426,3.7705601073941786,2,False,0.3263774394910527,False,False
0.3125,bohmian_q,off,8.443568334423105e-07,False,0.0004088043035927507,0.0,2,False,1e-06,False,True
0.3125,bohmian_q,gaussian,8.443568334423105e-07,True,3.682815553596608e-05,2.7395806395748518e-06,2,False,1e-06,False,True
0.3125,bohmian_q,plateau,8.443568334423105e-07,True,3.8574178618153004e-05,2.8798238069728996e-06,2,False,1e-06,False,True
0.3125,bohmian_q,unified_dmde_proxy,8.443568334423105e-07,True,3.802903596454946e-05,2.8365388548176303e-06,2,False,1e-06,False,True
0.3125,alpha_qg,n/a,1.0032907706102438e-06,True,0.001055468885528765,3.7794845641383104,2,False,0.3256634990552004,False,False
0.3125,bohmian_q,off,1.0032907706102438e-06,False,0.0004088043035927507,0.0,2,False,1e-06,False,True
0.3125,bohmian_q,gaussian,1.0032907706102438e-06,True,3.890412339773854e-05,3.255247180773302e-06,2,False,1e-06,False,True
0.3125,bohmian_q,plateau,1.0032907706102438e-06,True,4.107190576293242e-05,3.4218874607118817e-06,2,False,1e-06,False,True
0.3125,bohmian_q,unified_dmde_proxy,1.0032907706102438e-06,True,4.039310591247288e-05,3.37045524173584e-06,2,False,1e-06,False,True
0.3125,alpha_qg,n/a,1.1921409651983008e-06,True,0.0006241936372398963,3.7980676239990667,2,False,0.3241078603482381,False,False
0.3125,bohmian_q,off,1.1921409651983008e-06,False,0.0004088043035927507,0.0,2,False,1e-06,False,True
0.3125,bohmian_q,gaussian,1.1921409651983008e-06,True,4.148364005555562e-05,3.8679752178660084e-06,2,False,1e-06,False,True
0.3125,bohmian_q,plateau,1.1921409651983008e-06,True,4.420625441138741e-05,4.065980960934386e-06,2,False,1e-06,False,True
0.3125,bohmian_q,unified_dmde_proxy,1.1921409651983008e-06,True,4.335038336381761e-05,4.004868029534297e-06,2,False,1e-06,False,True
0.3125,alpha_qg,n/a,1.4165385773852007e-06,True,0.0003650220472350796,3.850624774635981,2,False,0.3217663052353211,False,False
0.3125,bohmian_q,off,1.4165385773852007e-06,False,0.0004088043035927507,0.0,2,False,1e-06,False,True
0.3125,bohmian_q,gaussian,1.4165385773852007e-06,True,4.4726924265662003e-05,4.596033551800325e-06,2,False,1e-06,False,True
0.3125,bohmian_q,plateau,1.4165385773852007e-06,True,4.820046457587702e-05,4.831308141026553e-06,2,False,1e-06,False,True
0.3125,bohmian_q,unified_dmde_proxy,1.4165385773852007e-06,True,4.7102642791837e-05,4.758692459666534e-06,2,False,1e-06,False,True
0.3125,alpha_qg,n/a,1.6831747249677917e-06,True,0.0002107698832279395,3.801930347019871,2,False,0.31859675970829027,False,False
0.3125,bohmian_q,off,1.6831747249677917e-06,False,0.0004088043035927507,0.0,2,False,1e-06,False,True
0.3125,bohmian_q,gaussian,1.6831747249677917e-06,True,4.887107723323854e-05,5.461129256555491e-06,2,False,1e-06,False,True
0.3125,bohmian_q,plateau,1.6831747249677917e-06,False,5.340158979802796e-05,5.740687041731078e-06,2,False,1e-06,False,True
0.3125,bohmian_q,unified_dmde_proxy,1.6831747249677917e-06,False,5.19586735348066e-05,5.654403679534946e-06,2,False,1e-06,False,True
0.3125,alpha_qg,n/a,2e-06,True,0.00011987790631115845,3.801268801047301,2,False,0.31446629849291896,False,False
0.3125,bohmian_q,off,2e-06,False,0.0004088043035927507,0.0,2,False,1e-06,False,True
0.3125,bohmian_q,gaussian,2e-06,False,5.428828118772707e-05,6.489054671281501e-06,2,False,1e-06,False,True
0.3125,bohmian_q,plateau,2e-06,False,5.5128414377977994e-05,6.821229991721476e-06,2,False,1e-06,False,True
0.3125,bohmian_q,unified_dmde_proxy,2e-06,False,5.559189208190923e-05,6.718706610301674e-06,2,False,1e-06,False,True
0.315,alpha_qg,n/a,3e-07,True,0.04996701658383571,3.868778684357336,3,False,0.295345727635643,False,False
0.315,bohmian_q,off,3e-07,False,2.602180418493053e-05,0.0,2,False,1e-06,False,True
0.315,bohmian_q,gaussian,3e-07,False,2.509786945250536e-05,9.087875046453312e-07,2,False,1e-06,False,True
0.315,bohmian_q,plateau,3e-07,False,2.4963688982881907e-05,9.59410512961675e-07,2,False,1e-06,False,True
0.315,bohmian_q,unified_dmde_proxy,3e-07,False,2.500488105383052e-05,9.436999211874156e-07,2,False,1e-06,False,True
0.315,alpha_qg,n/a,3.5646923109036204e-07,True,0.037147073955310986,3.8904805462331438,2,False,0.3133537133333107,False,False
0.315,bohmian_q,off,3.5646923109036204e-07,False,2.602180418493053e-05,0.0,2,False,1e-06,False,True
0.315,bohmian_q,gaussian,3.5646923109036204e-07,False,2.494071770408101e-05,1.0798486273637243e-06,2,False,1e-06,False,True
0.315,bohmian_q,plateau,3.5646923109036204e-07,False,2.4787769450613832e-05,1.140000355457684e-06,2,False,1e-06,False,True
0.315,bohmian_q,unified_dmde_proxy,3.5646923109036204e-07,False,2.4834567754848326e-05,1.1213325735568296e-06,2,False,1e-06,False,True
0.315,alpha_qg,n/a,4.2356770904717955e-07,True,0.023501979058359188,3.7240354080037026,2,False,0.33176664248106236,False,False
0.315,bohmian_q,off,4.2356770904717955e-07,False,2.602180418493053e-05,0.0,2,False,1e-06,False,True
0.315,bohmian_q,gaussian,4.2356770904717955e-07,False,2.4761735466717363e-05,1.2831084495306618e-06,2,False,1e-06,False,True
0.315,bohmian_q,plateau,4.2356770904717955e-07,False,2.4589671358957005e-05,1.3545824593899423e-06,2,False,1e-06,False,True
0.315,bohmian_q,unified_dmde_proxy,4.2356770904717955e-07,False,2.464206956181767e-05,1.3324008641699492e-06,2,False,1e-06,False,True
0.315,alpha_qg,n/a,5.032961851958474e-07,True,0.01497508512383473,3.7033848817566253,2,False,0.3430000819626649,False,False
0.315,bohmian_q,off,5.032961851958474e-07,False,2.602180418493053e-05,0.0,2,False,1e-06,False,True
0.315,bohmian_q,gaussian,5.032961851958474e-07,False,2.456062498294659e-05,1.524627646986515e-06,2,False,1e-06,False,True
0.315,bohmian_q,plateau,5.032961851958474e-07,False,2.4370726978625473e-05,1.6095550892117572e-06,2,False,1e-06,False,True
0.315,bohmian_q,unified_dmde_proxy,5.032961851958474e-07,False,2.442814700186625e-05,1.5831982883915332e-06,2,False,1e-06,False,True
0.315,alpha_qg,n/a,5.980320138249203e-07,True,0.009056001726757428,3.790945744197423,2,False,0.35054294076790526,False,False
0.315,bohmian_q,off,5.980320138249203e-07,False,2.602180418493053e-05,0.0,2,False,1e-06,False,True
0.315,bohmian_q,gaussian,5.980320138249203e-07,False,2.433906710152231e-05,1.8116076558801078e-06,2,False,1e-06,False,True
0.315,bohmian_q,plateau,5.980320138249203e-07,False,2.4135548110278226e-05,1.9125208080956313e-06,2,False,1e-06,False,True
0.315,bohmian_q,unified_dmde_proxy,5.980320138249203e-07,False,2.4196394531353856e-05,1.8812029214023472e-06,2,False,1e-06,False,True
0.315,alpha_qg,n/a,7.106000404519682e-07,True,0.005559578219798615,3.8590696395357407,2,False,0.3547167559912696,False,False
0.315,bohmian_q,off,7.106000404519682e-07,False,2.602180418493053e-05,0.0,2,False,1e-06,False,True
0.315,bohmian_q,gaussian,7.106000404519682e-07,False,2.4102290133035788e-05,2.1526053801720192e-06,2,False,1e-06,False,True
0.315,bohmian_q,plateau,7.106000404519682e-07,False,0.0009205718197543347,2.272513142785434e-06,2,False,1e-06,False,True
0.315,bohmian_q,unified_dmde_proxy,7.106000404519682e-07,False,2.3955392246720195e-05,2.2353003721147544e-06,2,False,1e-06,False,True
0.315,alpha_qg,n/a,8.443568334423105e-07,True,0.003396070638466545,3.864825258046633,2,False,0.3569707429906186,False,False
0.315,bohmian_q,off,8.443568334423105e-07,False,2.602180418493053e-05,0.0,2,False,1e-06,False,True
0.315,bohmian_q,gaussian,8.443568334423105e-07,False,0.0009061684137390647,2.55778830599848e-06,2,False,1e-06,False,True
0.315,bohmian_q,plateau,8.443568334423105e-07,False,0.000806861685659155,2.7002659050072062e-06,2,False,1e-06,False,True
0.315,bohmian_q,unified_dmde_proxy,8.443568334423105e-07,False,0.00083790582232082,2.6560486954497616e-06,2,False,1e-06,False,True
0.315,alpha_qg,n/a,1.0032907706102438e-06,True,0.002052670826481707,3.800699146400943,2,False,0.3579685644341723,False,False
0.315,bohmian_q,off,1.0032907706102438e-06,False,2.602180418493053e-05,0.0,2,False,1e-06,False,True
0.315,bohmian_q,gaussian,1.0032907706102438e-06,False,0.000789323224939989,3.039237625541313e-06,2,False,1e-06,False,True
0.315,bohmian_q,plateau,1.0032907706102438e-06,False,0.0006680471509462003,3.2085331951145355e-06,2,False,1e-06,False,True
0.315,bohmian_q,unified_dmde_proxy,1.0032907706102438e-06,False,0.0007060265071353016,3.1559931573609847e-06,2,False,1e-06,False,True
0.315,alpha_qg,n/a,1.1921409651983008e-06,True,0.0012294008989611296,3.821704646424299,2,False,0.3580748535759682,False,False
0.315,bohmian_q,off,1.1921409651983008e-06,False,2.602180418493053e-05,0.0,2,False,1e-06,False,True
0.315,bohmian_q,gaussian,1.1921409651983008e-06,False,0.0006465630350293147,3.611308402793003e-06,2,False,1e-06,False,True
0.315,bohmian_q,plateau,1.1921409651983008e-06,False,0.0004974431171415631,3.8124696228421672e-06,2,False,1e-06,False,True
0.315,bohmian_q,unified_dmde_proxy,1.1921409651983008e-06,False,0.0005442485873659656,3.7500402315264738e-06,2,False,1e-06,False,True
0.315,alpha_qg,n/a,1.4165385773852007e-06,True,0.0007303116926220978,3.835036014367074,2,False,0.3574995591447739,False,False
0.315,bohmian_q,off,1.4165385773852007e-06,False,2.602180418493053e-05,0.0,2,False,1e-06,False,True
0.315,bohmian_q,gaussian,1.4165385773852007e-06,False,0.0004709229613467589,4.291057511937841e-06,2,False,1e-06,False,True
0.315,bohmian_q,plateau,1.4165385773852007e-06,False,0.0002860114132135724,4.5300820727035585e-06,2,False,1e-06,False,True
0.315,bohmian_q,unified_dmde_proxy,1.4165385773852007e-06,False,0.0003442004285953784,4.455901970014289e-06,2,False,1e-06,False,True
0.315,alpha_qg,n/a,1.6831747249677917e-06,True,0.0004299205055751258,3.78275092105462,2,False,0.35633945632276603,False,False
0.315,bohmian_q,off,1.6831747249677917e-06,False,2.602180418493053e-05,0.0,2,False,1e-06,False,True
0.315,bohmian_q,gaussian,1.6831747249677917e-06,False,0.0002529932309481914,5.098752096318242e-06,2,False,1e-06,False,True
0.315,bohmian_q,plateau,1.6831747249677917e-06,False,0.0006118719352704985,5.382766470803786e-06,1,False,0.0003416641735959061,False,True
0.315,bohmian_q,unified_dmde_proxy,1.6831747249677917e-06,False,0.0006657535942185598,5.294623984702697e-06,1,False,0.0003717268784851858,False,True
0.315,alpha_qg,n/a,2e-06,True,0.0002505143588153727,3.810928985342186,2,False,0.3546016620348741,False,False
0.315,bohmian_q,off,2e-06,False,2.602180418493053e-05,0.0,2,False,1e-06,False,True
0.315,bohmian_q,gaussian,2e-06,False,0.0005814086265451724,6.058473691841449e-06,1,False,0.00032466494298338464,False,True
0.315,bohmian_q,plateau,2e-06,False,0.00037034662361716157,6.395945538645535e-06,1,False,0.00020679463212031676,False,True
0.315,bohmian_q,unified_dmde_proxy,2e-06,False,0.00043650951814860715,6.291212763785395e-06,1,False,0.00024376864533143423,False,True
